{"iteration": 4, "env": "cassie-v0", "clip_actions": true, "normalize_actions": false, "disable_env_checking": true, "env_config": {"steps_per_cycle": 25, "a_swing": 0, "b_swing": 1.6131550897334896, "a_stance": 2.9705477084467864, "b_stance": 1, "kappa": 25, "x_cmd_vel": 8.818188319035988, "y_cmd_vel": 0, "z_cmd_vel": 0, "terminate_when_unhealthy": true, "max_simulation_steps": 400, "pelvis_height": [2.0556830270387882, 4.990640307399603], "feet_distance_x": [0.0, 5.01788175972333], "feet_distance_y": [0.0, 1.743068944127022], "feet_distance_z": [0.0, 1.129410555100431], "feet_pelvis_height": 1.1261465442350242, "feet_height": 1.8903548422050827, "model": "cassie", "render_mode": "rgb_array", "reset_noise_scale": 0.03436493505899134, "reward_coeffs": {"bias": 6.092866706086205, "r_biped": 13.561875293651635, "r_cmd": 7.591784776997391, "r_smooth": 4.506313731054627, "r_alternate": 14.678738642613814}}, "render_env": true, "loss": 5.771165613391475, "_timestamp": 1686235992.3397715, "_runtime": 80.77831840515137, "_step": 4, "_wandb": {"runtime": 81}}